Rk,Player,From,To,Tm,W,L,T,W-L%,Count
1,Tom Brady\BradTo00,2001,2020,NWE/TAM,77,4,0,.951,81
2,Drew Brees\BreeDr00,2003,2020,NOR/SDG,57,9,0,.864,66
3,Aaron Rodgers\RodgAa00,2008,2020,GNB,50,10,0,.833,60
4,Peyton Manning\MannPe00,2000,2014,IND/DEN,51,4,0,.927,55
5,Brett Favre *\FavrBr00,1992,2009,GNB/MIN/NYJ,39,6,0,.867,45
6,Philip Rivers\RivePh00,2006,2020,SDG/LAC/IND,34,9,0,.791,43
7,Matt Ryan\RyanMa00,2009,2020,ATL,23,12,0,.657,35
8,Ben Roethlisberger\RoetBe00,2005,2020,PIT,26,8,0,.765,34
9,Matthew Stafford\StafMa00,2011,2020,DET,21,8,1,.717,30
10,Russell Wilson\WilsRu00,2012,2020,SEA,24,4,0,.857,28
11,Eli Manning\MannEl00,2005,2018,NYG,15,10,0,.600,25
12,Tony Romo\RomoTo00,2006,2014,DAL,20,5,0,.800,25
13,Dan Marino*\MariDa00,1984,1999,MIA,18,5,0,.783,23
14,Joe Montana*\MontJo01,1980,1994,KAN/SFO,23,0,0,1.000,23
15,Kirk Cousins\CousKi00,2014,2020,WAS/MIN,16,6,0,.727,22
16,Kurt Warner*\WarnKu00,1999,2009,ARI/STL,20,2,0,.909,22
17,Donovan McNabb\McNaDo00,2000,2009,PHI,20,1,0,.952,21
18,Carson Palmer\PalmCa00,2005,2017,ARI/CIN,13,8,0,.619,21
19,Steve Young*\YounSt00,1991,1998,SFO,20,0,0,1.000,20
20,Drew Bledsoe\BledDr00,1994,2005,NWE/BUF/DAL,17,2,0,.895,19
21,Derek Carr\CarrDe02,2014,2020,OAK/LVR,13,6,0,.684,19
22,Jim Everett\EverJi00,1986,1996,RAM/NOR,11,7,0,.611,18
23,Ryan Fitzpatrick\FitzRy00,2011,2020,TAM/MIA/NYJ/TEN/BUF/HOU,12,6,0,.667,18
24,Andy Dalton\DaltAn00,2011,2019,CIN,9,8,0,.529,17
25,John Elway*\ElwaJo00,1983,1998,DEN,15,2,0,.882,17
26,Jeff Garcia\GarcJe00,1999,2008,SFO/TAM/PHI,10,7,0,.588,17
27,Joe Flacco\FlacJo00,2008,2018,BAL,12,4,0,.750,16
28,Dan Fouts*\FoutDa00,1976,1987,SDG,13,3,0,.813,16
29,Patrick Mahomes\MahoPa00,2018,2020,KAN,14,2,0,.875,16
30,Kerry Collins\CollKe00,1996,2010,NYG/OAK/TEN/CAR,8,7,0,.533,15
31,Matt Hasselbeck\HassMa00,2002,2015,SEA/TEN/IND,12,3,0,.800,15
32,Andrew Luck\LuckAn00,2012,2018,IND,11,4,0,.733,15
33,Fran Tarkenton*\TarkFr00,1961,1978,MIN/NYG,13,2,0,.867,15
34,Johnny Unitas *\UnitJo00,1959,1972,BAL,14,1,0,.933,15
35,Ken Anderson\AndeKe00,1973,1982,CIN,11,3,0,.786,14
36,Daunte Culpepper\CulpDa00,2000,2005,MIN,9,5,0,.643,14
37,Jared Goff\GoffJa00,2017,2020,LAR,14,0,0,1.000,14
38,Matt Schaub\SchaMa00,2005,2012,HOU/ATL,10,4,0,.714,14
39,Alex Smith\SmitAl03,2009,2018,KAN/WAS/SFO,11,3,0,.786,14
40,Deshaun Watson\WatsDe00,2017,2020,HOU,7,7,0,.500,14
41,Randall Cunningham\CunnRa00,1987,1998,PHI/MIN,10,3,0,.769,13
42,Warren Moon*\MoonWa00,1985,1997,HOU/MIN/SEA,11,2,0,.846,13
43,Jay Cutler\CutlJa00,2008,2017,DEN/CHI/MIA,9,3,0,.750,12
44,Jeff George\GeorJe00,1990,2000,ATL/OAK/IND/WAS/MIN,5,7,0,.417,12
45,Trent Green\GreeTr00,1998,2005,KAN/STL/WAS,8,4,0,.667,12
46,Phil Simms\SimmPh00,1979,1993,NYG,10,2,0,.833,12
47,Ryan Tannehill\TannRy00,2013,2020,MIA/TEN,10,2,0,.833,12
48,John Brodie\BrodJo00,1958,1971,SFO,9,1,1,.864,11
49,Boomer Esiason\EsiaBo00,1985,1997,CIN/NYJ/ARI,11,0,0,1.000,11
50,Brad Johnson\JohnBr00,1997,2006,WAS/TAM/MIN,8,3,0,.727,11
51,Jim Kelly*\KellJi00,1986,1995,BUF,8,3,0,.727,11
52,Dave Krieg\KrieDa00,1984,1995,SEA/DET/ARI,8,3,0,.727,11
53,Cam Newton\NewtCa00,2011,2018,CAR,10,1,0,.909,11
54,Mark Brunell\BrunMa00,1997,2005,JAX/WAS,3,7,0,.300,10
55,Neil Lomax\LomaNe00,1983,1988,STL/PHO,9,1,0,.900,10
56,Josh McCown\McCoJo01,2004,2017,ARI/CLE/CHI/NYJ/TAM,6,4,0,.600,10
57,Steve McNair\McNaSt00,1999,2005,TEN,7,3,0,.700,10
58,Ken O'Brien\OBriKe00,1985,1991,NYJ,7,3,0,.700,10
59,Michael Vick\VickMi00,2002,2013,PHI/ATL,8,2,0,.800,10
60,Carson Wentz\WentCa00,2016,2019,PHI,6,4,0,.600,10
61,Troy Aikman*\AikmTr00,1991,1999,DAL,8,1,0,.889,9
62,Matt Cassel\CassMa00,2008,2013,KAN/NWE/MIN,3,6,0,.333,9
63,Chris Chandler\ChanCh00,1995,2001,ATL/HOU,7,2,0,.778,9
64,Steve DeBerg\DebeSt00,1984,1993,KAN/TAM/MIA,7,2,0,.778,9
65,Roman Gabriel\GabrRo00,1962,1973,RAM/PHI,7,1,1,.833,9
66,Rich Gannon\GannRi00,1991,2003,OAK/MIN,7,2,0,.778,9
67,Jon Kitna\KitnJo00,1999,2010,SEA/CIN/DET/DAL,6,3,0,.667,9
68,Neil O'Donnell\ODonNe00,1991,1998,NYJ/CIN/PIT,7,2,0,.778,9
69,Dak Prescott\PresDa01,2016,2019,DAL,9,0,0,1.000,9
70,Josh Allen\AlleJo02,2019,2020,BUF,8,0,0,1.000,8
71,Steve Beuerlein\BeueSt00,1993,2000,PHO/CAR,7,1,0,.875,8
72,Jeff Blake\BlakJe00,1994,2003,CIN/NOR/ARI,6,2,0,.750,8
73,Blake Bortles\BortBl00,2015,2018,JAX,5,3,0,.625,8
74,Aaron Brooks\BrooAa00,2001,2004,NOR,5,3,0,.625,8
75,Bobby Hebert\HebeBo00,1987,1993,NOR/ATL,5,3,0,.625,8
76,Y.A. Tittle*\TittY.00,1956,1963,SFO/NYG,8,0,0,1.000,8
77,Steve Bartkowski\BartSt00,1975,1984,ATL,4,3,0,.571,7
78,Sam Bradford\BradSa00,2010,2017,MIN/PHI/STL,4,2,1,.643,7
79,Joe Ferguson\FergJo00,1976,1984,BUF,2,5,0,.286,7
80,Brian Griese\GrieBr00,1999,2004,DEN/TAM,5,2,0,.714,7
81,John Hadl\HadlJo00,1967,1971,SDG,6,1,0,.857,7
82,Jeff Hostetler\HostJe00,1993,1996,RAI/OAK,6,1,0,.857,7
83,Sonny Jurgensen*\JurgSo00,1964,1969,WAS,4,1,2,.714,7
84,Colin Kaepernick\KaepCo00,2012,2015,SFO,5,2,0,.714,7
85,Bill Kenney\KennBi00,1980,1987,KAN,6,1,0,.857,7
86,Bernie Kosar\KosaBe00,1986,1991,CLE,6,1,0,.857,7
87,Tommy Kramer\KramTo00,1979,1986,MIN,7,0,0,1.000,7
88,Jake Plummer\PlumJa00,1997,2006,DEN/ARI,6,1,0,.857,7
89,Vinny Testaverde\TestVi00,1991,1998,TAM/CLE/BAL/NYJ,5,2,0,.714,7
90,Joe Theismann\TheiJo00,1980,1984,WAS,5,2,0,.714,7
91,Wade Wilson\WilsWa00,1986,1992,MIN/ATL,6,1,0,.857,7
92,Jameis Winston\WinsJa00,2015,2019,TAM,2,5,0,.286,7
93,Jason Campbell\CampJa00,2009,2013,OAK/CLE/WAS,2,4,0,.333,6
94,Jake Delhomme\DelhJa00,2003,2008,CAR,3,3,0,.500,6
95,Doug Flutie\FlutDo00,1998,2001,SDG/BUF,3,3,0,.500,6
96,Nick Foles\FoleNi00,2012,2020,PHI/CHI,5,1,0,.833,6
97,Elvis Grbac\GrbaEl00,1995,2000,KAN/SFO,5,1,0,.833,6
98,Justin Herbert\HerbJu00,2020,2020,LAC,4,2,0,.667,6
99,Brian Hoyer\HoyeBr00,2013,2017,CHI/CLE/SFO/HOU,3,3,0,.500,6
100,Stan Humphries\HumpSt00,1990,1996,SDG/WAS,6,0,0,1.000,6
101,Erik Kramer\KramEr00,1993,1998,CHI/DET,5,1,0,.833,6
102,Daryle Lamonica\LamoDa00,1967,1969,OAK,6,0,0,1.000,6
103,Marcus Mariota\MariMa01,2015,2018,TEN,3,3,0,.500,6
104,Don Meredith\MereDo00,1963,1968,DAL,6,0,0,1.000,6
105,Kyle Orton\OrtoKy00,2008,2010,DEN/CHI,4,2,0,.667,6
106,Milt Plum\PlumMi00,1959,1964,DET/CLE,4,2,0,.667,6
107,Brian Sipe\SipeBr00,1976,1983,CLE,5,1,0,.833,6
108,Bart Starr*\StarBa00,1961,1968,GNB,6,0,0,1.000,6
109,Roger Staubach*\StauRo00,1973,1979,DAL,5,1,0,.833,6
110,Norm Van Brocklin *\VanBNo00,1950,1960,RAM/PHI,6,0,0,1.000,6
111,George Blanda*\BlanGe00,1960,1965,HOU,4,1,0,.800,5
112,Teddy Bridgewater\BridTe00,2015,2020,CAR/MIN/NOR,3,2,0,.600,5
113,Marc Bulger\BulgMa00,2002,2007,STL,4,1,0,.800,5
114,Josh Freeman\FreeJo00,2009,2012,TAM,3,2,0,.600,5
115,Jimmy Garoppolo\GaroJi00,2018,2020,SFO,3,2,0,.600,5
116,Case Keenum\KeenCa00,2013,2019,WAS/MIN/LAR/HOU,3,2,0,.600,5
117,Baker Mayfield\MayfBa00,2018,2020,CLE,5,0,0,1.000,5
118,Chad Pennington\PennCh01,2002,2006,NYJ,5,0,0,1.000,5
119,Mark Rypien\RypiMa00,1990,1995,WAS/STL,4,1,0,.800,5
120,Danny White\WhitDa01,1981,1986,DAL,4,1,0,.800,5
121,Terry Bradshaw*\BradTe00,1977,1982,PIT,4,0,0,1.000,4
122,Jacoby Brissett\BrisJa00,2017,2019,IND,3,1,0,.750,4
123,Bubby Brister\BrisBu00,1988,1990,PIT,3,1,0,.750,4
124,Rudy Bukich\BukiRu00,1960,1965,PIT/CHI,3,0,1,.875,4
125,Tim Couch\CoucTi00,1999,2002,CLE,2,2,0,.500,4
126,Len Dawson*\DawsLe00,1962,1967,KAN/DTX,4,0,0,1.000,4
127,Tony Eason\EasoTo00,1984,1986,NWE,2,2,0,.500,4
128,Tom Flores\FlorTo00,1961,1966,OAK,4,0,0,1.000,4
129,Gus Frerotte\FrerGu00,1996,2003,MIN/WAS/DET,3,1,0,.750,4
130,David Garrard\GarrDa00,2008,2010,JAX,3,1,0,.750,4
131,Bob Griese*\GrieBo00,1967,1980,MIA,3,1,0,.750,4
132,Steve Grogan\GrogSt00,1978,1986,NWE,3,1,0,.750,4
133,Rex Grossman\GrosRe00,2006,2011,WAS/CHI,4,0,0,1.000,4
134,Jim Harbaugh\HarbJi00,1992,1997,CHI/IND,3,1,0,.750,4
135,Ron Jaworski\JawoRo00,1980,1984,PHI,3,1,0,.750,4
136,Daniel Jones\JoneDa05,2019,2019,NYG,2,2,0,.500,4
137,Bobby Layne*\LaynBo00,1951,1958,DET/PIT,4,0,0,1.000,4
138,Byron Leftwich\LeftBy00,2003,2005,JAX,4,0,0,1.000,4
139,Scott Mitchell\MitcSc00,1993,1997,DET/MIA,4,0,0,1.000,4
140,Earl Morrall\MorrEa00,1963,1971,NYG/BAL/DET,2,2,0,.500,4
141,Craig Morton\MortCr00,1969,1981,DAL/DEN/NYG,4,0,0,1.000,4
142,Joe Namath*\NamaJo00,1966,1974,NYJ,4,0,0,1.000,4
143,Bill Nelsen\NelsBi00,1965,1969,PIT/CLE,2,1,1,.625,4
144,Tobin Rote\RoteTo00,1956,1963,GNB/SDG,3,1,0,.750,4
145,Tyrod Taylor\TaylTy00,2015,2017,BUF,1,3,0,.250,4
146,Bobby Thomason\ThomBo02,1953,1955,PHI,2,2,0,.500,4
147,Mitchell Trubisky\TrubMi00,2018,2020,CHI,3,1,0,.750,4
148,Billy Wade\WadeBi00,1958,1963,RAM/CHI,3,1,0,.750,4
149,Doug Williams\WillDo01,1981,1988,WAS/TAM,2,2,0,.500,4
150,Tony Banks\BankTo00,1997,1999,STL/BAL,2,1,0,.667,3
151,Charlie Batch\BatcCh00,1998,2001,DET,0,3,0,.000,3
152,Steve Bono\BonoSt00,1991,1995,KAN/SFO,3,0,0,1.000,3
153,Sam Darnold\DarnSa00,2018,2019,NYJ,1,2,0,.333,3
154,Trent Dilfer\DilfTr00,2001,2007,CLE/SFO/SEA,3,0,0,1.000,3
155,Eric Hipple\HippEr00,1981,1986,DET,2,1,0,.667,3
156,Gary Hogeboom\HogeGa00,1985,1987,DAL/IND,2,1,0,.667,3
157,Damon Huard\HuarDa00,2006,2007,KAN,2,1,0,.667,3
158,Lamar Jackson\JackLa00,2019,2020,BAL,3,0,0,1.000,3
159,Charley Johnson\JohnCh02,1963,1972,STL/DEN,3,0,0,1.000,3
160,Rob Johnson\JohnRo00,1997,2000,JAX/BUF,2,1,0,.667,3
161,Jack Kemp\KempJa00,1960,1965,LAC/BUF,3,0,0,1.000,3
162,Billy Kilmer\KilmBi00,1968,1973,WAS/NOR,3,0,0,1.000,3
163,Don Majkowski\MajkDo00,1989,1990,GNB,2,1,0,.667,3
164,Chris Miller\MillCh00,1989,1991,ATL,0,3,0,.000,3
165,Gardner Minshew II\MinsGa00,2019,2020,JAX,1,2,0,.333,3
166,Kyler Murray\MurrKy00,2019,2020,ARI,1,2,0,.333,3
167,Mark Sanchez\SancMa00,2009,2014,NYJ/PHI,2,1,0,.667,3
168,Norm Snead\SneaNo00,1965,1967,PHI,3,0,0,1.000,3
169,Butch Songin\SongBu00,1960,1961,BOS,2,1,0,.667,3
170,Kordell Stewart\StewKo00,2001,2003,PIT/CHI,3,0,0,1.000,3
171,Richard Todd\ToddRi00,1981,1981,NYJ,2,1,0,.667,3
172,Mike Tomczak\TomcMi00,1989,1999,CHI/PIT/GNB,1,2,0,.333,3
173,Billy Volek\VoleBi00,2003,2004,TEN,1,2,0,.333,3
174,Marc Wilson\WilsMa00,1984,1987,RAI,2,1,0,.667,3
175,Jim Zorn\ZornJi00,1979,1979,SEA,3,0,0,1.000,3
176,Kyle Allen\AlleKy00,2019,2019,CAR,1,1,0,.500,2
177,Scott Brunner\BrunSc00,1982,1982,NYG,1,1,0,.500,2
178,Joe Burrow\BurrJo01,2020,2020,CIN,0,1,1,.250,2
179,Virgil Carter\CartVi00,1971,1971,CIN,2,0,0,1.000,2
180,Charlie Conerly\ConeCh00,1953,1959,NYG,2,0,0,1.000,2
181,Gary Danielson\DaniGa00,1984,1987,DET/CLE,2,0,0,1.000,2
182,Cotton Davidson\DaviCo00,1960,1961,DTX,2,0,0,1.000,2
183,Lynn Dickey\DickLy00,1981,1983,GNB,1,1,0,.500,2
184,Vince Evans\EvanVi00,1980,1983,CHI,1,1,0,.500,2
185,Vince Ferragamo\FerrVi00,1980,1980,RAM,2,0,0,1.000,2
186,John Friesz\FrieJo00,1993,1996,SDG/SEA,2,0,0,1.000,2
187,Mike Glennon\GlenMi00,2013,2020,TAM/JAX,0,2,0,.000,2
188,Kent Graham\GrahKe00,1996,1998,ARI/NYG,2,0,0,1.000,2
189,Otto Graham*\GrahOt00,1953,1954,CLE,2,0,0,1.000,2
190,Robert Griffin III\GrifRo01,2012,2013,WAS,1,1,0,.500,2
191,Pat Haden\HadePa00,1977,1978,RAM,1,1,0,.500,2
192,Jim Hart\HartJi00,1967,1974,STL,2,0,0,1.000,2
193,Chad Henne\HennCh01,2012,2014,JAX,0,2,0,.000,2
194,Kelly Holcomb\HolcKe00,2002,2003,CLE,1,1,0,.500,2
195,Bert Jones\JoneBe00,1977,1980,BAL,2,0,0,1.000,2
196,Kevin Kolb\KolbKe00,2009,2011,ARI/PHI,2,0,0,1.000,2
197,Bob Lee\LeexBo00,1970,1971,MIN,2,0,0,1.000,2
198,Drew Lock\LockDr00,2020,2020,DEN,1,1,0,.500,2
199,Jake Locker\LockJa00,2012,2014,TEN,2,0,0,1.000,2
200,Archie Manning\MannAr00,1979,1980,NOR,1,1,0,.500,2
201,Matt Moore\MoorMa01,2009,2019,KAN/CAR,1,1,0,.500,2
202,Curtis Painter\PainCu00,2011,2011,IND,0,2,0,.000,2
203,Babe Parilli\PariBa00,1965,1966,BOS,2,0,0,1.000,2
204,Jim Plunkett\PlunJi00,1972,1977,NWE/SFO,1,1,0,.500,2
205,Brady Quinn\QuinBr00,2009,2009,CLE,0,2,0,.000,2
206,Warren Rabb\RabbWa00,1961,1962,BUF,1,1,0,.500,2
207,Patrick Ramsey\RamsPa00,2002,2003,WAS,2,0,0,1.000,2
208,Tim Rattay\RattTi00,2003,2004,SFO,2,0,0,1.000,2
209,Frank Ryan\RyanFr00,1962,1966,CLE,2,0,0,1.000,2
210,Dick Shiner\ShinDi00,1968,1969,PIT,0,1,1,.250,2
211,Trevor Siemian\SiemTr00,2016,2016,DEN,1,1,0,.500,2
212,Steve Spurrier\SpurSt00,1972,1975,SFO,2,0,0,1.000,2
213,Ken Stabler *\StabKe00,1973,1973,OAK,1,0,1,.750,2
214,Tyler Thigpen\ThigTy00,2008,2008,KAN,0,2,0,.000,2
215,Brandon Weeden\WeedBr00,2012,2012,CLE,0,2,0,.000,2
216,Brandon Allen\AlleBr00,2020,2020,CIN,1,0,0,1.000,1
217,Derek Anderson\AndeDe00,2008,2008,CLE,1,0,0,1.000,1
218,Pete Beathard\BeatPe00,1969,1969,HOU,1,0,0,1.000,1
219,Kyle Boller\BollKy00,2005,2005,BAL,1,0,0,1.000,1
220,Brooks Bollinger\BollBr00,2005,2005,NYJ,0,1,0,.000,1
221,Dieter Brock\BrocDi00,1985,1985,RAM,1,0,0,1.000,1
222,Dave Brown\BrowDa00,1995,1995,NYG,0,1,0,.000,1
223,Adrian Burk\BurkAd00,1952,1952,PHI,1,0,0,1.000,1
224,David Carr\CarrDa00,2004,2004,HOU,0,1,0,.000,1
225,Matt Cavanaugh\CavaMa00,1984,1984,SFO,1,0,0,1.000,1
226,Todd Collins\CollTo00,2007,2007,WAS,1,0,0,1.000,1
227,Greg Cook\CookGr00,1969,1969,CIN,0,0,1,.500,1
228,Austin Davis\DaviAu00,2014,2014,STL,0,1,0,.000,1
229,Al Dorow\DoroAl00,1960,1960,NYT,1,0,0,1.000,1
230,Trent Edwards\EdwaTr01,2008,2008,BUF,1,0,0,1.000,1
231,Craig Erickson\EricCr00,1994,1994,TAM,1,0,0,1.000,1
232,A.J. Feeley\FeelA.00,2006,2006,PHI,1,0,0,1.000,1
233,Jay Fiedler\FiedJa00,2001,2001,MIA,1,0,0,1.000,1
234,Glenn Foley\FoleGl00,1999,1999,SEA,1,0,0,1.000,1
235,Blaine Gabbert\GabbBl00,2012,2012,JAX,0,1,0,.000,1
236,Jason Garrett\GarrJa00,1998,1998,DAL,1,0,0,1.000,1
237,Bruce Gradkowski\GradBr00,2009,2009,OAK,1,0,0,1.000,1
238,Quinn Gray\GrayQu00,2007,2007,JAX,0,1,0,.000,1
239,Ralph Guglielmi\GuglRa00,1960,1960,WAS,0,0,1,.500,1
240,Joey Harrington\HarrJo00,2007,2007,ATL,0,1,0,.000,1
241,James Harris\HarrJa01,1974,1974,RAM,1,0,0,1.000,1
242,Dwayne Haskins\HaskDw00,2019,2019,WAS,0,1,0,.000,1
243,Mark Herrmann\HerrMa00,1985,1985,SDG,1,0,0,1.000,1
244,Tom Hodson\HodsTo00,1992,1992,NWE,0,1,0,.000,1
245,Gary Huff\HuffGa00,1974,1974,CHI,0,1,0,.000,1
246,Brett Hundley\HundBr00,2017,2017,GNB,1,0,0,1.000,1
247,Jalen Hurts\HurtJa00,2020,2020,PHI,0,1,0,.000,1
248,Danny Kanell\KaneDa00,1998,1998,NYG,1,0,0,1.000,1
249,Jeff Kemp\KempJe00,1986,1986,SFO,1,0,0,1.000,1
250,Cody Kessler\KessCo00,2016,2016,CLE,0,1,0,.000,1
251,Shaun King\KingSh00,2000,2000,TAM,1,0,0,1.000,1
252,David Klingler\KlinDa00,1994,1994,CIN,0,1,0,.000,1
253,Jeff Komlo\KomlJe00,1979,1979,DET,1,0,0,1.000,1
254,Greg Landry\LandGr00,1976,1976,DET,0,1,0,.000,1
255,Eddie LeBaron\LeBaEd00,1958,1958,WAS,1,0,0,1.000,1
256,Mike Livingston\LiviMi00,1976,1976,KAN,1,0,0,1.000,1
257,Chuck Long\LongCh00,1987,1987,DET,0,1,0,.000,1
258,Ray Lucas\LucaRa00,1999,1999,NYJ,0,1,0,.000,1
259,Tommy Maddox\MaddTo00,2003,2003,PIT,1,0,0,1.000,1
260,Mark Malone\MaloMa00,1984,1984,PIT,1,0,0,1.000,1
261,Colt McCoy\McCoCo00,2014,2014,WAS,0,1,0,.000,1
262,Jim McMahon\McMaJi00,1982,1982,CHI,1,0,0,1.000,1
263,Cade McNown\McNoCa00,2000,2000,CHI,0,1,0,.000,1
264,Jim Miller\MillJi00,2001,2001,CHI,1,0,0,1.000,1
265,Nick Mullens\MullNi00,2018,2018,SFO,1,0,0,1.000,1
266,Bill Munson\MunsBi00,1965,1965,RAM,1,0,0,1.000,1
267,Browning Nagle\NaglBr00,1992,1992,NYJ,0,1,0,.000,1
268,Jim Ninowski\NinoJi00,1962,1962,CLE,1,0,0,1.000,1
269,Brock Osweiler\OsweBr00,2015,2015,DEN,1,0,0,1.000,1
270,Dan Pastorini\PastDa00,1980,1980,OAK,1,0,0,1.000,1
271,Mike Phipps\PhipMi00,1975,1975,CLE,1,0,0,1.000,1
272,Chris Redman\RedmCh00,2007,2007,ATL,1,0,0,1.000,1
273,Frank Reich\ReicFr00,1995,1995,CAR,0,1,0,.000,1
274,Jerry Rhome\RhomJe00,1970,1970,HOU,0,0,1,.500,1
275,Timm Rosenbach\RoseTi00,1990,1990,PHO,0,1,0,.000,1
276,Pat Ryan\RyanPa00,1984,1984,NYJ,1,0,0,1.000,1
277,Sean Salisbury\SaliSe00,1992,1992,MIN,1,0,0,1.000,1
278,Chris Simms\SimmCh00,2005,2005,TAM,1,0,0,1.000,1
279,Mickey Slaughter\SlauMi00,1963,1963,DEN,0,1,0,.000,1
280,Geno Smith\SmitGe00,2014,2014,NYJ,1,0,0,1.000,1
281,Don Strock\StroDo00,1981,1981,MIA,0,0,1,.500,1
282,Scott Tinsley\TinsSc20,1987,1987,PHI,0,1,0,.000,1
283,Billy Joe Tolliver\TollBi00,1989,1989,SDG,0,1,0,.000,1
284,Don Trull\TrulDo00,1966,1966,HOU,0,1,0,.000,1
285,Alex Van Pelt\VanPAl00,2001,2001,BUF,0,1,0,.000,1
286,Steve Walsh\WalsSt00,1991,1991,NOR,0,1,0,.000,1
287,Dave Wilson\WilsDa00,1985,1985,NOR,0,1,0,.000,1
288,Eddie Wilson\WilsEd00,1963,1963,KAN,0,0,1,.500,1
289,Al Woodall\WoodAl00,1970,1970,NYJ,1,0,0,1.000,1
290,David Woodley\WoodDa00,1981,1981,MIA,1,0,0,1.000,1
291,Anthony Wright\WrigAn00,2003,2003,BAL,1,0,0,1.000,1
292,Randy Wright\WrigRa00,1987,1987,GNB,0,1,0,.000,1
293,Vince Young\YounVi00,2010,2010,TEN,0,1,0,.000,1
294,Eric Zeier\ZeieEr00,1997,1997,BAL,0,1,0,.000,1