Rk,Player,From,To,Tm,W,L,T,W-L%,Count
1,Tom Brady\BradTo00,2001,2020,NWE/TAM,133,9,0,.937,142
2,Drew Brees\BreeDr00,2002,2020,NOR/SDG,114,27,0,.809,141
3,Peyton Manning\MannPe00,1998,2015,IND/DEN,102,10,0,.911,112
4,Philip Rivers\RivePh00,2004,2020,LAC/SDG/IND,91,20,0,.820,111
5,Brett Favre *\FavrBr00,1992,2010,GNB/NYJ/MIN,99,9,0,.917,108
6,Aaron Rodgers\RodgAa00,2007,2020,GNB,89,17,0,.840,106
7,Ben Roethlisberger\RoetBe00,2004,2020,PIT,85,12,0,.876,97
8,Matt Ryan\RyanMa00,2008,2020,ATL,67,21,0,.761,88
9,Fran Tarkenton*\TarkFr00,1961,1978,NYG/MIN,62,15,0,.805,77
10,Steve Young*\YounSt00,1986,1998,TAM/SFO,63,12,0,.840,75
11,Russell Wilson\WilsRu00,2012,2020,SEA,64,10,0,.865,74
12,Joe Montana*\MontJo01,1979,1994,KAN/SFO,64,6,0,.914,70
13,Dan Marino*\MariDa00,1983,1999,MIA,53,14,0,.791,67
14,Tony Romo\RomoTo00,2006,2016,DAL,51,16,0,.761,67
15,John Elway*\ElwaJo00,1983,1998,DEN,54,10,0,.844,64
16,Eli Manning\MannEl00,2004,2018,NYG,44,20,0,.688,64
17,Carson Palmer\PalmCa00,2004,2017,ARI/CIN/OAK,44,19,0,.698,63
18,Len Dawson*\DawsLe00,1959,1975,KAN/PIT/CLE/DTX,54,6,0,.900,60
19,Matthew Stafford\StafMa00,2009,2020,DET,41,18,1,.692,60
20,Ken Anderson\AndeKe00,1971,1986,CIN,48,10,0,.828,58
21,Dave Krieg\KrieDa00,1981,1998,SEA/DET/KAN/ARI/CHI/TEN,46,12,0,.793,58
22,Kirk Cousins\CousKi00,2012,2020,MIN/WAS,39,13,1,.745,53
23,Andy Dalton\DaltAn00,2011,2020,CIN/DAL,43,10,0,.811,53
24,Bart Starr*\StarBa00,1956,1971,GNB,42,10,1,.802,53
25,Boomer Esiason\EsiaBo00,1985,1997,CIN/NYJ/ARI,41,11,0,.788,52
26,Bob Griese*\GrieBo00,1967,1980,MIA,47,5,0,.904,52
27,Sonny Jurgensen*\JurgSo00,1957,1974,PHI/WAS,35,14,3,.702,52
28,Joe Flacco\FlacJo00,2008,2020,BAL/NYJ/DEN,42,9,0,.824,51
29,Chris Chandler\ChanCh00,1988,2002,HOU/ATL/PHO/RAM/IND/TAM/CHI,35,15,0,.700,50
30,Johnny Unitas *\UnitJo00,1956,1973,BAL/SDG,49,1,0,.980,50
31,Kurt Warner*\WarnKu00,1999,2009,ARI/STL/NYG,43,7,0,.860,50
32,Vinny Testaverde\TestVi00,1989,2006,CLE/NYJ/BAL/TAM/NWE/DAL,32,17,0,.653,49
33,Cam Newton\NewtCa00,2011,2020,CAR/NWE,38,10,0,.792,48
34,Alex Smith\SmitAl03,2006,2018,KAN/SFO/WAS,42,5,1,.885,48
35,Steve DeBerg\DebeSt00,1978,1998,KAN/SFO/TAM/DEN/MIA/ATL,36,11,0,.766,47
36,Jim Kelly*\KellJi00,1986,1996,BUF,42,5,0,.894,47
37,Donovan McNabb\McNaDo00,2000,2010,PHI/WAS,43,4,0,.915,47
38,John Brodie\BrodJo00,1957,1973,SFO,37,9,0,.804,46
39,Mark Brunell\BrunMa00,1995,2006,JAX/WAS,34,12,0,.739,46
40,Matt Hasselbeck\HassMa00,1999,2015,SEA/IND/GNB/TEN,36,10,0,.783,46
41,Ryan Fitzpatrick\FitzRy00,2005,2020,NYJ/CIN/TAM/TEN/MIA/BUF/HOU/STL,31,14,0,.689,45
42,Craig Morton\MortCr00,1966,1981,DAL/DEN/NYG,40,5,0,.889,45
43,Troy Aikman*\AikmTr00,1990,2000,DAL,40,4,0,.909,44
44,Steve McNair\McNaSt00,1996,2007,TEN/HOU/BAL,35,9,0,.795,44
45,Warren Moon*\MoonWa00,1984,2000,HOU/MIN/SEA/KAN,40,4,0,.909,44
46,Jay Cutler\CutlJa00,2006,2017,DEN/CHI/MIA,36,7,0,.837,43
47,Earl Morrall\MorrEa00,1957,1975,BAL/MIA/DET/NYG/PIT,35,6,2,.837,43
48,Dan Fouts*\FoutDa00,1974,1987,SDG,35,7,0,.833,42
49,Terry Bradshaw*\BradTe00,1970,1983,PIT,39,2,0,.951,41
50,Rich Gannon\GannRi00,1990,2004,OAK/MIN/KAN/WAS,33,8,0,.805,41
51,Jeff Garcia\GarcJe00,1999,2008,SFO/TAM/CLE/PHI,30,11,0,.732,41
52,Phil Simms\SimmPh00,1979,1993,NYG,36,5,0,.878,41
53,Ryan Tannehill\TannRy00,2012,2020,TEN/MIA,34,7,0,.829,41
54,Y.A. Tittle*\TittY.00,1951,1964,NYG/SFO,39,2,0,.951,41
55,Drew Bledsoe\BledDr00,1993,2006,DAL/NWE/BUF,38,2,0,.950,40
56,Derek Carr\CarrDe02,2014,2020,OAK/LVR,26,14,0,.650,40
57,Randall Cunningham\CunnRa00,1985,2000,PHI/MIN/DAL,34,6,0,.850,40
58,Matt Schaub\SchaMa00,2005,2019,HOU/ATL,30,10,0,.750,40
59,Joe Ferguson\FergJo00,1973,1988,TAM/BUF/DET,28,11,0,.718,39
60,John Hadl\HadlJo00,1962,1976,SDG/RAM/GNB/HOU,36,1,2,.949,39
61,Ken Stabler *\StabKe00,1972,1983,OAK/NOR/HOU,36,1,1,.961,38
62,Jim Everett\EverJi00,1986,1996,RAM/NOR,24,13,0,.649,37
63,Steve Grogan\GrogSt00,1975,1990,NWE,32,5,0,.865,37
64,Roger Staubach*\StauRo00,1969,1979,DAL,34,3,0,.919,37
65,Norm Van Brocklin *\VanBNo00,1950,1960,RAM/PHI,35,2,0,.946,37
66,Kerry Collins\CollKe00,1995,2010,NYG/TEN/OAK/CAR,29,7,0,.806,36
67,Daunte Culpepper\CulpDa00,2000,2009,MIN/OAK/DET,26,10,0,.722,36
68,Trent Green\GreeTr00,1998,2006,STL/KAN/WAS,23,13,0,.639,36
69,Billy Kilmer\KilmBi00,1961,1978,NOR/WAS/SFO,27,8,1,.764,36
70,Jim Plunkett\PlunJi00,1971,1986,NWE/OAK/RAI/SFO,31,5,0,.861,36
71,Roman Gabriel\GabrRo00,1962,1977,PHI/RAM,26,7,2,.771,35
72,Jim Harbaugh\HarbJi00,1988,2000,CHI/IND/BAL/SDG,29,6,0,.829,35
73,Brad Johnson\JohnBr00,1995,2006,WAS/MIN/TAM,26,9,0,.743,35
74,Norm Snead\SneaNo00,1961,1976,NYG/PHI/WAS/SFO/MIN,20,15,0,.571,35
75,Joe Theismann\TheiJo00,1974,1985,WAS,29,6,0,.829,35
76,Michael Vick\VickMi00,2001,2014,PHI/ATL/NYJ,23,12,0,.657,35
77,Dak Prescott\PresDa01,2016,2020,DAL,31,3,0,.912,34
78,Jon Kitna\KitnJo00,1997,2010,DAL/CIN/SEA/DET,23,10,0,.697,33
79,Daryle Lamonica\LamoDa00,1963,1973,OAK/BUF,29,2,2,.909,33
80,Greg Landry\LandGr00,1968,1981,BAL/DET,24,9,0,.727,33
81,Danny White\WhitDa01,1976,1987,DAL,28,5,0,.848,33
82,Neil O'Donnell\ODonNe00,1991,2003,NYJ/TEN/PIT/CIN,26,6,0,.813,32
83,Milt Plum\PlumMi00,1957,1965,CLE/DET,25,6,1,.797,32
84,Jim Hart\HartJi00,1967,1983,STL,27,4,0,.871,31
85,Bobby Hebert\HebeBo00,1985,1996,NOR/ATL,24,7,0,.774,31
86,Ken O'Brien\OBriKe00,1984,1992,NYJ,27,4,0,.871,31
87,Deshaun Watson\WatsDe00,2017,2020,HOU,18,13,0,.581,31
88,Wade Wilson\WilsWa00,1985,1998,MIN/OAK/ATL/NOR/DAL,24,7,0,.774,31
89,Jeff Hostetler\HostJe00,1988,1996,OAK/NYG/RAI,25,5,0,.833,30
90,Ron Jaworski\JawoRo00,1976,1989,PHI/MIA/KAN/RAM,24,6,0,.800,30
91,Charley Johnson\JohnCh02,1961,1975,STL/DEN/HOU,22,5,3,.783,30
92,Bernie Kosar\KosaBe00,1985,1996,CLE/MIA/DAL,20,10,0,.667,30
93,Neil Lomax\LomaNe00,1981,1988,STL/PHO,21,9,0,.700,30
94,Chad Pennington\PennCh01,2000,2008,NYJ/MIA,22,8,0,.733,30
95,Jake Plummer\PlumJa00,1997,2006,ARI/DEN,26,4,0,.867,30
96,Steve Bartkowski\BartSt00,1975,1985,ATL,21,8,0,.724,29
97,Steve Beuerlein\BeueSt00,1988,2002,CAR/DAL/PHO/DEN/RAI,24,5,0,.828,29
98,Jake Delhomme\DelhJa00,1999,2009,CAR/NOR,25,4,0,.862,29
99,Bobby Layne*\LaynBo00,1950,1962,DET/PIT,25,4,0,.862,29
100,Patrick Mahomes\MahoPa00,2018,2020,KAN,24,5,0,.828,29
101,Joe Namath*\NamaJo00,1965,1976,NYJ,27,2,0,.931,29
102,Babe Parilli\PariBa00,1952,1969,BOS/CLE/NYJ/GNB,24,4,1,.845,29
103,Frank Ryan\RyanFr00,1959,1968,RAM/CLE,22,7,0,.759,29
104,Billy Wade\WadeBi00,1954,1964,RAM/CHI,18,11,0,.621,29
105,Ed Brown\BrowEd01,1954,1965,BAL/CHI/PIT,24,4,0,.857,28
106,David Garrard\GarrDa00,2003,2010,JAX,22,6,0,.786,28
107,Jeff George\GeorJe00,1990,2000,ATL/MIN/IND/OAK/WAS,18,10,0,.643,28
108,Bert Jones\JoneBe00,1974,1981,BAL,25,3,0,.893,28
109,Jameis Winston\WinsJa00,2015,2020,TAM/NOR,16,12,0,.571,28
110,Marc Bulger\BulgMa00,2002,2009,STL,18,9,0,.667,27
111,Jared Goff\GoffJa00,2016,2020,LAR,23,4,0,.852,27
112,Lynn Dickey\DickLy00,1971,1985,GNB/HOU,19,7,0,.731,26
113,Andrew Luck\LuckAn00,2012,2018,IND,23,3,0,.885,26
114,Jim McMahon\McMaJi00,1982,1996,MIN/CHI/ARI/GNB/SDG/PHI,21,5,0,.808,26
115,Matt Cassel\CassMa00,2005,2016,KAN/MIN/DAL/NWE/TEN,18,7,0,.720,25
116,Charlie Conerly\ConeCh00,1950,1961,NYG,22,2,0,.917,24
117,Doug Flutie\FlutDo00,1986,2004,BUF/SDG/CHI/NWE,19,5,0,.792,24
118,Brian Griese\GrieBr00,1999,2005,DEN/TAM/MIA,19,5,0,.792,24
119,Josh McCown\McCoJo01,2003,2017,OAK/NYJ/CHI/ARI/TAM/CLE,12,12,0,.500,24
120,Mark Rypien\RypiMa00,1988,1996,WAS/PHI/STL,18,6,0,.750,24
121,Sam Bradford\BradSa00,2010,2017,STL/MIN/PHI,16,6,1,.717,23
122,Aaron Brooks\BrooAa00,2000,2005,NOR,16,7,0,.696,23
123,Colin Kaepernick\KaepCo00,2011,2016,SFO,18,5,0,.783,23
124,Tommy Kramer\KramTo00,1977,1989,MIN,20,3,0,.870,23
125,Eddie LeBaron\LeBaEd00,1952,1963,WAS/DAL,15,5,3,.717,23
126,Don Meredith\MereDo00,1961,1968,DAL,20,3,0,.870,23
127,Bill Munson\MunsBi00,1964,1978,RAM/DET/SEA/SDG/BUF,13,9,1,.587,23
128,Gary Danielson\DaniGa00,1978,1987,DET/CLE,15,7,0,.682,22
129,Otto Graham*\GrahOt00,1950,1955,CLE,20,1,1,.932,22
130,Bubby Brister\BrisBu00,1988,1998,PIT/PHI/DEN,19,2,0,.905,21
131,Jason Campbell\CampJa00,2007,2013,CHI/WAS/CLE/OAK,12,9,0,.571,21
132,Tom Flores\FlorTo00,1960,1969,OAK/BUF/KAN,16,5,0,.762,21
133,Nick Foles\FoleNi00,2013,2019,PHI/KAN/JAX/STL,18,3,0,.857,21
134,Archie Manning\MannAr00,1971,1984,NOR/MIN/HOU,8,12,1,.405,21
135,Brian Sipe\SipeBr00,1976,1983,CLE,18,3,0,.857,21
136,Carson Wentz\WentCa00,2016,2019,PHI,16,5,0,.762,21
137,Bob Berry\BerrBo00,1968,1974,ATL/MIN,16,3,1,.825,20
138,Jeff Blake\BlakJe00,1992,2005,CIN/CHI/NYJ/NOR/BAL/ARI,13,7,0,.650,20
139,Trent Dilfer\DilfTr00,1995,2005,TAM/BAL/SEA/CLE,18,2,0,.900,20
140,Jimmy Garoppolo\GaroJi00,2014,2020,SFO/NWE,15,5,0,.750,20
141,Lamar Jackson\JackLa00,2018,2020,BAL,17,3,0,.850,20
142,Marcus Mariota\MariMa01,2015,2019,TEN,17,3,0,.850,20
143,Jay Schroeder\SchrJa00,1985,1994,WAS/RAI/CIN/ARI,16,4,0,.800,20
144,Kordell Stewart\StewKo00,1995,2003,PIT/CHI,15,5,0,.750,20
145,Tyrod Taylor\TaylTy00,2011,2019,BUF/CLE/LAC/BAL,12,8,0,.600,20
146,Mike Tomczak\TomcMi00,1987,1999,CHI/PIT/GNB/CLE,14,6,0,.700,20
147,Rudy Bukich\BukiRu00,1960,1966,CHI/PIT,12,6,1,.658,19
148,Gus Frerotte\FrerGu00,1995,2008,MIN/DET/WAS/DEN/MIA,13,6,0,.684,19
149,Don Strock\StroDo00,1975,1988,MIA/CLE,12,6,1,.658,19
150,Tony Banks\BankTo00,1996,2004,STL/HOU/BAL/WAS,13,5,0,.722,18
151,George Blanda*\BlanGe00,1954,1966,HOU/CHI,17,1,0,.944,18
152,David Carr\CarrDa00,2002,2012,NYG/HOU/CAR,8,10,0,.444,18
153,Vince Ferragamo\FerrVi00,1977,1983,RAM,12,6,0,.667,18
154,James Harris\HarrJa01,1969,1978,RAM/BUF/SDG,16,2,0,.889,18
155,Stan Humphries\HumpSt00,1990,1997,SDG/WAS,15,3,0,.833,18
156,Erik Kramer\KramEr00,1991,1999,CHI/DET/SDG,13,5,0,.722,18
157,Chris Miller\MillCh00,1988,1995,ATL/RAM/STL,12,6,0,.667,18
158,Scott Mitchell\MitcSc00,1992,1997,DET/MIA,15,3,0,.833,18
159,Kyle Orton\OrtoKy00,2005,2014,DEN/CHI/DAL/BUF/KAN,14,4,0,.778,18
160,Rodney Peete\PeetRo00,1990,2002,DET/DAL/PHI/WAS/CAR,13,5,0,.722,18
161,Tobin Rote\RoteTo00,1952,1964,GNB/SDG/DET,11,6,1,.639,18
162,Jim Zorn\ZornJi00,1976,1985,SEA/GNB,15,3,0,.833,18
163,Josh Allen\AlleJo02,2018,2020,BUF,16,1,0,.941,17
164,Charlie Batch\BatcCh00,1998,2010,DET/PIT,12,5,0,.706,17
165,Zeke Bratkowski\BratZe00,1957,1971,RAM/GNB/CHI,10,6,1,.618,17
166,Jay Fiedler\FiedJa00,1999,2005,MIA/JAX/NYJ,15,2,0,.882,17
167,Elvis Grbac\GrbaEl00,1994,2001,SFO/KAN/BAL,16,1,0,.941,17
168,Bill Kenney\KennBi00,1980,1987,KAN,13,4,0,.765,17
169,Jacky Lee\LeexJa00,1960,1968,DEN/HOU/KAN,11,6,0,.647,17
170,Byron Leftwich\LeftBy00,2003,2008,JAX/PIT,12,5,0,.706,17
171,Teddy Bridgewater\BridTe00,2014,2020,MIN/NOR/CAR,11,5,0,.688,16
172,Vince Evans\EvanVi00,1979,1995,RAI/CHI/OAK,10,6,0,.625,16
173,Robert Griffin III\GrifRo01,2012,2020,WAS/BAL,11,5,0,.688,16
174,Brian Hoyer\HoyeBr00,2010,2019,HOU/NWE/CHI/SFO/CLE/IND,10,6,0,.625,16
175,Case Keenum\KeenCa00,2013,2019,WAS/MIN/HOU/STL/LAR,10,6,0,.625,16
176,Baker Mayfield\MayfBa00,2018,2020,CLE,15,1,0,.938,16
177,Bill Nelsen\NelsBi00,1965,1971,CLE/PIT,13,2,1,.844,16
178,Mark Sanchez\SancMa00,2009,2016,NYJ/DAL/PHI,13,3,0,.813,16
179,Bobby Thomason\ThomBo02,1951,1957,GNB/PHI,12,4,0,.750,16
180,Mitchell Trubisky\TrubMi00,2017,2020,CHI,13,3,0,.813,16
181,John Friesz\FrieJo00,1991,1998,SEA/SDG/WAS,9,6,0,.600,15
182,Mike Livingston\LiviMi00,1972,1978,KAN,8,6,1,.567,15
183,Dan Pastorini\PastDa00,1972,1979,HOU,11,4,0,.733,15
184,Frank Reich\ReicFr00,1985,1998,BUF/NYJ/DET,11,4,0,.733,15
185,Richard Todd\ToddRi00,1976,1984,NYJ/NOR,10,4,1,.700,15
186,Steve Bono\BonoSt00,1989,1996,KAN/SFO,14,0,0,1.000,14
187,Blake Bortles\BortBl00,2015,2018,JAX,10,4,0,.714,14
188,Virgil Carter\CartVi00,1968,1976,CIN/CHI,10,4,0,.714,14
189,Matt Cavanaugh\CavaMa00,1979,1989,SFO/NWE/PHI,9,5,0,.643,14
190,Tony Eason\EasoTo00,1983,1990,NWE/NYJ,10,4,0,.714,14
191,Josh Freeman\FreeJo00,2009,2012,TAM,11,3,0,.786,14
192,Pat Haden\HadePa00,1976,1981,RAM,11,3,0,.786,14
193,Shaun Hill\HillSh00,2007,2014,STL/SFO/DET,9,5,0,.643,14
194,Damon Huard\HuarDa00,1998,2008,KAN/MIA,10,4,0,.714,14
195,Tarvaris Jackson\JackTa00,2006,2015,MIN/SEA,11,3,0,.786,14
196,Doug Williams\WillDo01,1978,1989,TAM/WAS,12,2,0,.857,14
197,Gary Hogeboom\HogeGa00,1983,1989,IND/DAL/PHO,11,2,0,.846,13
198,Tommy Maddox\MaddTo00,1992,2003,RAM/PIT/DEN,9,3,1,.731,13
199,Lamar McHan\McHaLa00,1954,1963,CRD/SFO/BAL,9,4,0,.692,13
200,George Shaw\ShawGe00,1955,1962,BAL/NYG/MIN/DEN,8,5,0,.615,13
201,Vince Young\YounVi00,2006,2010,TEN,11,2,0,.846,13
202,Todd Collins\CollTo00,1995,2007,WAS/BUF/KAN,10,2,0,.833,12
203,Ralph Guglielmi\GuglRa00,1955,1962,WAS/STL/NYG,7,3,2,.667,12
204,Joey Harrington\HarrJo00,2003,2007,ATL/DET/MIA,8,4,0,.667,12
205,Eric Hipple\HippEr00,1981,1986,DET,11,1,0,.917,12
206,Rob Johnson\JohnRo00,1997,2003,JAX/BUF/TAM/WAS,8,4,0,.667,12
207,Bob Lee\LeexBo00,1969,1979,MIN/RAM/ATL,12,0,0,1.000,12
208,Don Majkowski\MajkDo00,1987,1996,GNB/IND/DET,10,2,0,.833,12
209,George Ratterman\RattGe00,1950,1956,CLE/NYY,9,3,0,.750,12
210,Seneca Wallace\WallSe00,2005,2011,SEA/CLE,5,7,0,.417,12
211,Kyle Boller\BollKy00,2003,2007,BAL,8,3,0,.727,11
212,Gary Cuozzo\CuozGa00,1964,1970,BAL/MIN,9,2,0,.818,11
213,Marty Domres\DomrMa00,1969,1976,SDG/BAL/SFO,9,1,1,.864,11
214,Matt Moore\MoorMa01,2009,2019,MIA/KAN/CAR,9,2,0,.818,11
215,Mike Phipps\PhipMi00,1970,1981,CHI/CLE,6,5,0,.545,11
216,Joe Pisarcik\PisaJo00,1977,1983,PHI/NYG,10,1,0,.909,11
217,Pat Ryan\RyanPa00,1981,1988,NYJ,6,5,0,.545,11
218,Don Trull\TrulDo00,1964,1968,HOU/BOS,6,5,0,.545,11
219,Derek Anderson\AndeDe00,2007,2014,CLE/CAR,7,3,0,.700,10
220,Bob Avellini\AvelBo00,1975,1984,CHI,7,3,0,.700,10
221,Pete Beathard\BeatPe00,1964,1973,STL/KAN/HOU,9,1,0,.900,10
222,Tim Couch\CoucTi00,1999,2003,CLE,6,4,0,.600,10
223,Craig Erickson\EricCr00,1992,1996,TAM/IND/MIA,5,5,0,.500,10
224,Jack Kemp\KempJa00,1960,1969,LAC/SDG/BUF,7,3,0,.700,10
225,Jeff Kemp\KempJe00,1984,1991,RAM/SEA/SFO,9,1,0,.900,10
226,Jim Ninowski\NinoJi00,1961,1967,CLE/WAS/DET,8,2,0,.800,10
227,Tim Rattay\RattTi00,2001,2007,SFO/ARI,6,4,0,.600,10
228,Turk Schonert\SchoTu00,1981,1986,CIN/ATL,7,3,0,.700,10
229,Billy Joe Tolliver\TollBi00,1989,1999,ATL/NOR/SDG,6,4,0,.600,10
230,Marc Wilson\WilsMa00,1981,1989,RAI/NWE/OAK,7,3,0,.700,10
231,Randy Wright\WrigRa00,1984,1988,GNB,6,4,0,.600,10
232,Quincy Carter\CartQu00,2001,2004,DAL/NYJ,8,1,0,.889,9
233,Al Dorow\DoroAl00,1954,1960,WAS/PHI/NYT,6,3,0,.667,9
234,Rex Grossman\GrosRe00,2006,2011,CHI/WAS,9,0,0,1.000,9
235,Randy Johnson\JohnRa00,1966,1975,ATL/NYG/WAS,5,4,0,.556,9
236,J.P. Losman\LosmJ.00,2004,2008,BUF,7,2,0,.778,9
237,Mark Malone\MaloMa00,1984,1988,PIT/SDG,7,2,0,.778,9
238,Gardner Minshew II\MinsGa00,2019,2020,JAX,5,4,0,.556,9
239,Kyler Murray\MurrKy00,2019,2020,ARI,4,5,0,.444,9
240,Tommy O'Connell\OConTo00,1953,1960,BUF/CHI/CLE,5,3,1,.611,9
241,Mike Pagel\PageMi00,1982,1991,CLE/RAM/BAL/IND,5,4,0,.556,9
242,Dick Shiner\ShinDi00,1965,1973,WAS/CLE/PIT/ATL,5,3,1,.611,9
243,Steve Spurrier\SpurSt00,1969,1975,SFO,8,1,0,.889,9
244,Norris Weese\WeesNo00,1976,1979,DEN,8,1,0,.889,9
245,Gary Wood\WoodGa00,1964,1969,NYG,4,5,0,.444,9
246,David Woodley\WoodDa00,1980,1984,PIT/MIA,8,1,0,.889,9
247,Jacoby Brissett\BrisJa00,2016,2019,IND/NWE,5,3,0,.625,8
248,Dave Brown\BrowDa00,1994,2000,NYG/ARI,6,2,0,.750,8
249,Steve Fuller\FullSt00,1980,1986,KAN/CHI,5,3,0,.625,8
250,Chad Henne\HennCh01,2009,2020,MIA/JAX/KAN,4,4,0,.500,8
251,Kelly Holcomb\HolcKe00,2001,2005,CLE/BUF,3,5,0,.375,8
252,Donald Hollas\HollDo00,1991,1998,CIN/OAK,3,5,0,.375,8
253,Scott Hunter\HuntSc00,1971,1979,GNB/ATL/DET,6,2,0,.750,8
254,Paul Justin\JustPa00,1996,1999,CIN/STL/IND,3,5,0,.375,8
255,Kevin Kolb\KolbKe00,2008,2012,PHI/ARI,8,0,0,1.000,8
256,Christian Ponder\PondCh00,2011,2013,MIN,5,2,1,.688,8
257,Patrick Ramsey\RamsPa00,2002,2005,WAS,7,1,0,.875,8
258,Billy Volek\VoleBi00,2003,2010,TEN/SDG,6,2,0,.750,8
259,Eric Zeier\ZeieEr00,1995,1998,CLE/BAL,4,4,0,.500,8
260,Todd Blackledge\BlacTo00,1983,1987,KAN,6,1,0,.857,7
261,Bob Celeri\CeleBo00,1951,1952,DTX/NYY,1,6,0,.143,7
262,Sam Darnold\DarnSa00,2018,2019,NYJ,5,2,0,.714,7
263,Cotton Davidson\DaviCo00,1960,1965,OAK/DTX,5,1,1,.786,7
264,Steve Dils\DilsSt00,1980,1987,MIN/RAM,5,2,0,.714,7
265,Trent Edwards\EdwaTr01,2007,2009,BUF,6,1,0,.857,7
266,Blaine Gabbert\GabbBl00,2011,2020,JAX/SFO/TEN/TAM,2,5,0,.286,7
267,Terry Hanratty\HanrTe00,1970,1973,PIT,5,2,0,.714,7
268,Justin Herbert\HerbJu00,2020,2020,LAC,4,3,0,.571,7
269,King Hill\HillKi00,1958,1968,CRD/PHI,4,3,0,.571,7
270,Mike Kruczek\KrucMi00,1976,1980,PIT/WAS,6,1,0,.857,7
271,Gary Kubiak\KubiGa00,1985,1990,DEN,4,3,0,.571,7
272,Pete Liske\LiskPe00,1969,1972,DEN/PHI,6,0,1,.929,7
273,Jake Locker\LockJa00,2011,2014,TEN,3,4,0,.429,7
274,Ray Lucas\LucaRa00,1998,2002,MIA/NYJ,4,3,0,.571,7
275,Jamie Martin\MartJa00,1996,2005,STL/JAX,4,3,0,.571,7
276,Shane Matthews\MattSh00,1996,2004,CHI/WAS/BUF,6,1,0,.857,7
277,Colt McCoy\McCoCo00,2010,2018,WAS/CLE/SFO,4,3,0,.571,7
278,George Mira\MiraGe00,1964,1971,SFO/MIA,5,2,0,.714,7
279,Gifford Nielsen\NielGi00,1979,1982,HOU,5,2,0,.714,7
280,Steve Pelluer\PellSt00,1985,1988,DAL,3,4,0,.429,7
281,John Reaves\ReavJo00,1972,1987,PHI/CIN/HOU/TAM,3,4,0,.429,7
282,John Roach\RoacJo00,1960,1964,DAL/STL/GNB,6,1,0,.857,7
283,Jeff Rutledge\RutlJe00,1984,1991,NYG/WAS,5,2,0,.714,7
284,Dennis Shaw\ShawDe00,1970,1975,BUF/STL,4,2,1,.643,7
285,Tim Tebow\TeboTi00,2010,2012,DEN/NYJ,4,3,0,.571,7
286,Steve Tensi\TensSt00,1966,1969,DEN/SDG,5,2,0,.714,7
287,Brandon Weeden\WeedBr00,2012,2015,CLE/DAL/HOU,4,3,0,.571,7
288,Frankie Albert\AlbeFr00,1950,1952,SFO,6,0,0,1.000,6
289,Kyle Allen\AlleKy00,2018,2020,CAR/WAS,4,2,0,.667,6
290,Guy Benjamin\BenjGu00,1978,1983,MIA/SFO,3,3,0,.500,6
291,Adrian Burk\BurkAd00,1950,1955,BCL/PHI,4,2,0,.667,6
292,Cody Carlson\CarlCo00,1989,1993,HOU,5,1,0,.833,6
293,Jack Concannon\ConcJa00,1964,1974,PHI/CHI/GNB,5,1,0,.833,6
294,Matt Flynn\FlynMa00,2010,2014,GNB,4,2,0,.667,6
295,Jason Garrett\GarrJa00,1994,1999,DAL,4,2,0,.667,6
296,Mike Glennon\GlenMi00,2013,2019,TAM/ARI/OAK,2,4,0,.333,6
297,Mark Herrmann\HerrMa00,1985,1989,SDG/RAM,4,2,0,.667,6
298,Taysom Hill\HillTa00,2018,2020,NOR,5,1,0,.833,6
299,Billy Joe Hobert\HobeBi00,1995,1999,OAK/NOR,1,5,0,.167,6
300,Daniel Jones\JoneDa05,2019,2020,NYG,4,2,0,.667,6
301,Brock Osweiler\OsweBr00,2014,2018,DEN/MIA,4,2,0,.667,6
302,Steve Ramsey\RamsSt00,1971,1976,DEN,5,1,0,.833,6
303,Sage Rosenfels\RoseSa00,2003,2008,HOU/MIA,1,5,0,.167,6
304,Butch Songin\SongBu00,1960,1961,BOS,6,0,0,1.000,6
305,Jack Thompson\ThomJa00,1980,1984,CIN/TAM,3,3,0,.500,6
306,Jack Trudeau\TrudJa00,1987,1992,IND,6,0,0,1.000,6
307,Bob Waterfield*\WateBo01,1950,1952,RAM,6,0,0,1.000,6
308,David Whitehurst\WhitDa02,1977,1981,GNB,5,1,0,.833,6
309,Dave Wilson\WilsDa00,1983,1987,NOR,2,4,0,.333,6
310,Eddie Wilson\WilsEd00,1962,1965,DTX/KAN/BOS,3,1,2,.667,6
311,Dick Wood\WoodDi00,1962,1965,SDG/NYJ/OAK,6,0,0,1.000,6
312,Brooks Bollinger\BollBr00,2005,2008,NYJ/MIN/DAL,1,4,0,.200,5
313,Dieter Brock\BrocDi00,1985,1985,RAM,5,0,0,1.000,5
314,Chase Daniel\DaniCh00,2011,2019,NOR/PHI/CHI,5,0,0,1.000,5
315,Bobby Douglass\DougBo00,1971,1976,CHI/NOR,2,3,0,.400,5
316,Hunter Enis\EnisHu00,1960,1962,DTX/SDG/OAK,4,1,0,.800,5
317,Bruce Gradkowski\GradBr00,2006,2009,TAM/OAK,2,3,0,.400,5
318,Quinn Gray\GrayQu00,2005,2008,JAX/KAN,3,2,0,.600,5
319,Don Horn\HornDo00,1968,1971,GNB/DEN,3,2,0,.600,5
320,Matt Leinart\LeinMa00,2006,2011,ARI/HOU,5,0,0,1.000,5
321,Paul McDonald\McDoPa00,1981,1984,CLE,1,4,0,.200,5
322,Jim Miller\MillJi00,1999,2001,CHI,4,1,0,.800,5
323,Rick Mirer\MireRi00,1994,2003,SEA/NYJ/OAK,4,1,0,.800,5
324,Nick Mullens\MullNi00,2018,2020,SFO,4,1,0,.800,5
325,Doug Pederson\PedeDo00,1998,2003,PHI/CLE/GNB,1,4,0,.200,5
326,Warren Rabb\RabbWa00,1961,1962,BUF,3,2,0,.600,5
327,Chris Redman\RedmCh00,2002,2011,ATL/BAL,5,0,0,1.000,5
328,Sean Salisbury\SaliSe00,1992,1996,MIN/SDG,4,1,0,.800,5
329,Trevor Siemian\SiemTr00,2016,2017,DEN,3,2,0,.600,5
330,Mickey Slaughter\SlauMi00,1963,1965,DEN,0,4,1,.100,5
331,Drew Stanton\StanDr00,2008,2016,DET/ARI,3,2,0,.600,5
332,Mike Taliaferro\TaliMi00,1966,1969,BOS/NYJ,5,0,0,1.000,5
333,Erik Wilhelm\WilhEr00,1989,1996,CIN,2,3,0,.400,5
334,Al Woodall\WoodAl00,1969,1973,NYJ,3,2,0,.600,5
335,C.J. Beathard\BeatC.00,2017,2020,SFO,2,2,0,.500,4
336,Don Breaux\BreaDo00,1963,1965,SDG/DEN,3,1,0,.750,4
337,Mike Buck\BuckMi00,1991,1995,ARI/NOR,0,4,0,.000,4
338,Bob Davis\DaviBo00,1968,1972,HOU/NYJ,4,0,0,1.000,4
339,Ty Detmer\DetmTy00,1996,1998,PHI/SFO,3,1,0,.750,4
340,Jeff Driskel\DrisJe00,2018,2019,CIN/DET,0,4,0,.000,4
341,Tom Dublinski\DublTo00,1953,1954,DET,1,3,0,.250,4
342,Sam Etcheverry\EtchSa00,1961,1962,STL,3,1,0,.750,4
343,Jim Finks*\FinkJi00,1952,1954,PIT,4,0,0,1.000,4
344,John Fourcade\FourJo00,1987,1990,NOR,3,1,0,.750,4
345,Charlie Frye\FryeCh00,2005,2009,CLE/OAK,2,2,0,.500,4
346,Gale Gilbert\GilbGa00,1985,1994,SEA/SDG,1,3,0,.250,4
347,Harry Gilmer\GilmHa00,1955,1956,DET,3,1,0,.750,4
348,Kent Graham\GrahKe00,1996,2001,WAS/ARI/NYG,4,0,0,1.000,4
349,Jim Hardy\HardJi00,1951,1952,DET/CRD,2,2,0,.500,4
350,Taylor Heinicke\HeinTa00,2017,2020,WAS/HOU/CAR,1,3,0,.250,4
351,Don Heinrich\HeinDo00,1955,1958,NYG,3,1,0,.750,4
352,Gary Huff\HuffGa00,1973,1978,CHI/TAM,2,2,0,.500,4
353,Landry Jones\JoneLa02,2015,2017,PIT,4,0,0,1.000,4
354,Joe Kapp\KappJo00,1968,1969,MIN,4,0,0,1.000,4
355,Shaun King\KingSh00,1999,2001,TAM,4,0,0,1.000,4
356,David Klingler\KlinDa00,1993,1994,CIN,1,3,0,.250,4
357,Matt Kofler\KoflMa00,1983,1985,BUF/IND,2,2,0,.500,4
358,Ed Luther\LuthEd00,1980,1984,SDG,4,0,0,1.000,4
359,EJ Manuel\ManuEJ00,2013,2016,BUF,2,2,0,.500,4
360,Hugh Millen\MillHu00,1989,1995,ATL/NWE/DEN,0,4,0,.000,4
361,Craig Nall\NallCr00,2004,2004,GNB,1,3,0,.250,4
362,Terry Nofsinger\NofsTe00,1961,1967,PIT/ATL,2,2,0,.500,4
363,Rick Norton\NortRi00,1966,1970,MIA/GNB,2,2,0,.500,4
364,Brady Quinn\QuinBr00,2008,2012,KAN/CLE,1,3,0,.250,4
365,Mike Rae\RaexMi00,1976,1977,OAK,3,1,0,.750,4
366,Joe Reed\ReedJo00,1973,1976,SFO/DET,2,2,0,.500,4
367,M.C. Reynolds\ReynM.00,1958,1959,CRD,2,2,0,.500,4
368,Jerry Rhome\RhomJe00,1966,1971,DAL/HOU/RAM,0,2,2,.250,4
369,Matt Robinson\RobiMa01,1978,1982,NYJ/BUF,2,2,0,.500,4
370,Heath Shuler\ShulHe00,1994,1997,WAS/NOR,2,2,0,.500,4
371,Geno Smith\SmitGe00,2013,2018,NYJ/LAC,4,0,0,1.000,4
372,Troy Smith\SmitTr02,2008,2010,SFO/BAL,4,0,0,1.000,4
373,Cliff Stoudt\StouCl00,1980,1988,PIT/PHO,4,0,0,1.000,4
374,Pat Sullivan\SullPa00,1973,1975,ATL,3,1,0,.750,4
375,Frank Tripucka\TripFr00,1951,1961,DEN/CRD,2,2,0,.500,4
376,Alex Van Pelt\VanPAl00,1995,2001,BUF,1,3,0,.250,4
377,Ron Vander Kelen\VandRo00,1964,1966,MIN,3,1,0,.750,4
378,Mark Vlasic\VlasMa00,1990,1991,KAN/SDG,3,1,0,.750,4
379,Bob Williams\WillBo20,1951,1952,CHI,3,1,0,.750,4
380,Peter Tom Willis\WillPe00,1990,1993,CHI,1,3,0,.250,4
381,Anthony Wright\WrigAn00,2000,2006,DAL/BAL/CIN,3,1,0,.750,4
382,Sam Wyche\WychSa00,1968,1970,CIN,2,2,0,.500,4
383,David Archer\ArchDa00,1984,1986,ATL,3,0,0,1.000,3
384,Sammy Baugh*\BaugSa00,1950,1951,WAS,2,1,0,.667,3
385,Todd Bouman\BoumTo00,2001,2003,MIN/NOR,1,2,0,.333,3
386,Scott Brunner\BrunSc00,1981,1982,NYG,2,1,0,.667,3
387,Joe Burrow\BurrJo01,2020,2020,CIN,1,1,1,.500,3
388,Scott Campbell\CampSc00,1984,1990,PIT/ATL,0,3,0,.000,3
389,Bob Clatterbuck\ClatBo00,1954,1957,NYG,3,0,0,1.000,3
390,Kellen Clemens\ClemKe00,2013,2015,STL/SDG,2,1,0,.667,3
391,Greg Cook\CookGr00,1969,1969,CIN,2,0,1,.833,3
392,Austin Davis\DaviAu00,2014,2015,CLE/STL,1,2,0,.333,3
393,Koy Detmer\DetmKo00,2002,2005,PHI,2,1,0,.667,3
394,A.J. Feeley\FeelA.00,2001,2006,PHI,3,0,0,1.000,3
395,Glenn Foley\FoleGl00,1997,1999,NYJ/SEA,3,0,0,1.000,3
396,Johnny Green\GreeJo00,1960,1962,BUF/NYT,3,0,0,1.000,3
397,Tom Hodson\HodsTo00,1990,1995,NWE/NOR,1,2,0,.333,3
398,Bobby Hoying\HoyiBo00,1997,1997,PHI,1,2,0,.333,3
399,Brett Hundley\HundBr00,2017,2017,GNB,2,1,0,.667,3
400,Jalen Hurts\HurtJa00,2020,2020,PHI,1,2,0,.333,3
401,Doug Johnson\JohnDo00,2001,2002,ATL,3,0,0,1.000,3
402,Danny Kanell\KaneDa00,1997,2003,NYG/DEN,2,1,0,.667,3
403,Cody Kessler\KessCo00,2016,2016,CLE,0,3,0,.000,3
404,Blair Kiel\KielBl00,1986,1991,IND/GNB,0,3,0,.000,3
405,Jeff Komlo\KomlJe00,1979,1980,DET,2,1,0,.667,3
406,Drew Lock\LockDr00,2019,2020,DEN,2,1,0,.667,3
407,Ted Marchibroda\MarcTe20,1956,1956,PIT,3,0,0,1.000,3
408,A.J. McCarron\McCaA.00,2015,2020,CIN/HOU,2,1,0,.667,3
409,Luke McCown\McCoLu00,2007,2015,TAM/NOR,2,1,0,.667,3
410,Cade McNown\McNoCa00,1999,2000,CHI,2,1,0,.667,3
411,Mike Moroski\MoroMi00,1982,1985,ATL/HOU,1,2,0,.333,3
412,Bill Musgrave\MusgBi00,1991,1995,DEN/SFO,3,0,0,1.000,3
413,Kent Nix\NixxKe00,1968,1972,PIT/CHI/HOU,2,1,0,.667,3
414,Craig Penrose\PenrCr00,1976,1978,DEN,2,1,0,.667,3
415,Nathan Peterman\PeteNa00,2017,2018,BUF,1,2,0,.333,3
416,Bucky Richardson\RichBu00,1993,1994,HOU,1,2,0,.333,3
417,Timm Rosenbach\RoseTi00,1990,1990,PHO,0,3,0,.000,3
418,Mason Rudolph\RudoMa00,2019,2019,PIT,1,2,0,.333,3
419,JaMarcus Russell\RussJa00,2008,2008,OAK,2,1,0,.667,3
420,Bobby Scott\ScotBo00,1976,1980,NOR,1,2,0,.333,3
421,John Stofa\StofJo00,1967,1968,MIA/CIN,3,0,0,1.000,3
422,Karl Sweetan\SweeKa00,1967,1970,DET/RAM,3,0,0,1.000,3
423,Tyler Thigpen\ThigTy00,2008,2010,KAN/MIA,1,2,0,.333,3
424,Jim Ward\WardJi00,1967,1968,BAL,3,0,0,1.000,3
425,Bob Waters\WateBo00,1960,1961,SFO,3,0,0,1.000,3
426,Charlie Whitehurst\WhitCh02,2011,2014,SEA/TEN,1,2,0,.333,3
427,Danny Wuerffel\WuerDa00,1997,2002,NOR/WAS,2,1,0,.667,3
428,T.J. Yates\YateT.00,2011,2017,HOU,0,3,0,.000,3
429,Scott Zolak\ZolaSc00,1992,1997,NWE,2,1,0,.667,3
430,Sam Adkins\AdkiSa00,1980,1981,SEA,1,1,0,.500,2
431,Brandon Allen\AlleBr00,2019,2020,DEN/CIN,2,0,0,1.000,2
432,Rick Arrington\ArriRi00,1971,1971,PHI,0,2,0,.000,2
433,Carlos Brown\BrowCa00,1975,1976,GNB,0,2,0,.000,2
434,Dennis Claridge\ClarDe02,1965,1966,GNB/ATL,0,2,0,.000,2
435,Wayne Clark\ClarWa00,1974,1974,CIN,2,0,0,1.000,2
436,Jimmy Clausen\ClauJi00,2010,2014,CAR/CHI,1,1,0,.500,2
437,Reggie Collier\CollRe20,1986,1987,DAL/PIT,1,1,0,.500,2
438,Brodie Croyle\CroyBr00,2007,2009,KAN,0,2,0,.000,2
439,Jim Del Gaizo\DelGJi00,1972,1972,MIA,2,0,0,1.000,2
440,Anthony Dilweg\DilwAn00,1990,1990,GNB,2,0,0,1.000,2
441,Bill Donckers\DoncBi00,1976,1977,STL,1,1,0,.500,2
442,Brian Dowling\DowlBr00,1972,1972,NWE,0,2,0,.000,2
443,Bob Gagliano\GaglBo00,1989,1990,DET,2,0,0,1.000,2
444,Stan Gelbaugh\GelbSt00,1991,1994,PHO/SEA,0,2,0,.000,2
445,Brad Goebel\GoebBr00,1991,1992,PHI/CLE,0,2,0,.000,2
446,Tony Graziani\GrazTo00,1998,1999,ATL,1,1,0,.500,2
447,Glynn Griffing\GrifGl00,1963,1963,NYG,2,0,0,1.000,2
448,Lee Grosscup\GrosLe00,1960,1962,NYG/NYT,1,1,0,.500,2
449,Galen Hall\HallGa00,1962,1963,WAS/NYJ,0,2,0,.000,2
450,Dwayne Haskins\HaskDw00,2019,2019,WAS,0,2,0,.000,2
451,Tim Hasselbeck\HassTi00,2003,2003,WAS,1,1,0,.500,2
452,Devlin Hodges\HodgDe00,2019,2019,PIT,2,0,0,1.000,2
453,Brock Huard\HuarBr00,2000,2003,SEA/IND,1,1,0,.500,2
454,Chad Hutchinson\HutcCh00,2002,2004,CHI/DAL,2,0,0,1.000,2
455,George Izo\IzoxGe00,1961,1961,WAS,0,2,0,.000,2
456,Josh Johnson\JohnJo05,2010,2018,TAM/WAS,0,2,0,.000,2
457,June Jones\JoneJu00,1978,1981,ATL,2,0,0,1.000,2
458,Mike Kelley\KellMi21,1987,1987,SDG,2,0,0,1.000,2
459,Gary Kerkorian\KerkGa20,1954,1956,BAL,2,0,0,1.000,2
460,Chuck Long\LongCh00,1986,1987,DET,1,1,0,.500,2
461,Clint Longley\LongCl00,1974,1976,DAL/SDG,1,1,0,.500,2
462,Richie Lucas\LucaRi00,1960,1960,BUF,1,1,0,.500,2
463,Oliver Luck\LuckOl00,1984,1984,HOU,0,2,0,.000,2
464,Johnny Lujack\LujaJo00,1950,1951,CHI,1,1,0,.500,2
465,Gary Marangi\MaraGa00,1974,1975,BUF,1,1,0,.500,2
466,Todd Marinovich\MariTo00,1991,1992,RAI,1,1,0,.500,2
467,Moses Moreno\MoreMo00,1999,2000,SDG,1,1,0,.500,2
468,Ryan Nassib\NassRy00,2014,2015,NYG,0,2,0,.000,2
469,J.T. O'Sullivan\OSulJ.00,2008,2008,SFO,2,0,0,1.000,2
470,Don Panciera\PancDo20,1952,1952,CRD,1,1,0,.500,2
471,Nick Papac\PapaNi00,1961,1961,OAK,0,2,0,.000,2
472,Brent Pease\PeasBr00,1987,1988,HOU,2,0,0,1.000,2
473,Terrelle Pryor\PryoTe00,2013,2013,OAK,1,1,0,.500,2
474,Tom Ramsey\RamsTo00,1987,1989,NWE/IND,1,1,0,.500,2
475,John Rauch\RaucJo20,1950,1950,NYY,0,2,0,.000,2
476,Steve Romanik\RomaSt00,1951,1953,CRD/CHI,1,1,0,.500,2
477,Jim Root\RootJi20,1953,1956,CRD,0,2,0,.000,2
478,T.J. Rubley\RublTJ00,1993,1993,RAM,1,1,0,.500,2
479,Scott Secules\SecuSc00,1989,1991,MIA,0,2,0,.000,2
480,Tom Sherman\SherTo00,1968,1969,BOS/BUF,0,2,0,.000,2
481,Ron Smith\SmitRo03,1966,1966,PIT,2,0,0,1.000,2
482,Jim Sorgi\SorgJi00,2004,2005,IND,0,2,0,.000,2
483,Steve Stenstrom\StenSt00,1996,1998,CHI,1,1,0,.500,2
484,Tua Tagovailoa\TagoTu00,2020,2020,MIA,2,0,0,1.000,2
485,Harry Theofiledes\TheoHa00,1968,1968,WAS,1,1,0,.500,2
486,Logan Thomas\ThomLo00,2014,2018,ARI/BUF,1,1,0,.500,2
487,Bill Troup\TrouBi00,1976,1978,BAL,2,0,0,1.000,2
488,Ricky Turner\TurnRi21,1988,1988,IND,2,0,0,1.000,2
489,Steve Walsh\WalsSt00,1990,1991,NOR,1,1,0,.500,2
490,John Walton\WaltJo00,1979,1979,PHI,1,1,0,.500,2
491,Andre Ware\WareAn00,1990,1992,DET,1,1,0,.500,2
492,Chris Weinke\WeinCh00,2005,2006,CAR,2,0,0,1.000,2
493,Casey Weldon\WeldCa00,1993,1994,TAM,0,2,0,.000,2
494,Tony Adams\AdamTo00,1976,1976,KAN,0,1,0,.000,1
495,Terry Baker\BakeTe00,1965,1965,RAM,0,1,0,.000,1
496,Matt Barkley\BarkMa00,2018,2018,BUF,1,0,0,1.000,1
497,Kerwin Bell\BellKe00,1996,1996,IND,1,0,0,1.000,1
498,Michael Bishop\BishMi00,2000,2000,NWE,1,0,0,1.000,1
499,Mike Boryla\BoryMi00,1976,1976,PHI,0,1,0,.000,1
500,Trevone Boykin\BoykTr00,2016,2016,SEA,1,0,0,1.000,1
501,Adrian Breen\BreeAd20,1987,1987,CIN,0,1,0,.000,1
502,Jon Brittenum\BritJo00,1968,1968,SDG,1,0,0,1.000,1
503,Travis Brown\BrowTr01,2003,2003,BUF,0,1,0,.000,1
504,Henry Burris\BurrHe00,2002,2002,CHI,0,1,0,.000,1
505,Glenn Carano\CaraGl00,1980,1980,DAL,1,0,0,1.000,1
506,Jeff Carlson\CarlJe00,1991,1991,TAM,0,1,0,.000,1
507,Stoney Case\CaseSt00,2000,2000,DET,1,0,0,1.000,1
508,Max Choboian\ChobMa00,1966,1966,DEN,1,0,0,1.000,1
509,Jeff Christensen\ChriJe20,1987,1987,CLE,1,0,0,1.000,1
510,Paul Christman\ChriPa20,1950,1950,GNB,1,0,0,1.000,1
511,Larry Cipa\CipaLa00,1975,1975,NOR,0,1,0,.000,1
512,Cary Conklin\ConkCa00,1992,1992,WAS,1,0,0,1.000,1
513,King Corcoran\CorcKi00,1968,1968,BOS,0,1,0,.000,1
514,Dan Darragh\DarrDa00,1969,1969,BUF,0,1,0,.000,1
515,Parnell Dickinson\DickPa00,1976,1976,TAM,0,1,0,.000,1
516,Ben DiNucci\DiNuBe00,2020,2020,DAL,0,1,0,.000,1
517,Joshua Dobbs\DobbJo00,2018,2018,PIT,1,0,0,1.000,1
518,Ken Dorsey\DorsKe00,2005,2005,SFO,0,1,0,.000,1
519,Randy Duncan\DuncRa00,1961,1961,DTX,1,0,0,1.000,1
520,Fred Enke\EnkeFr20,1954,1954,BAL,1,0,0,1.000,1
521,Ryan Finley\FinlRy00,2020,2020,CIN,1,0,0,1.000,1
522,Jeff Francis\FranJe20,1990,1990,CLE,0,1,0,.000,1
523,Will Furrer\FurrWi00,1995,1995,HOU,0,1,0,.000,1
524,Chuck Fusina\FusiCh00,1981,1981,TAM,1,0,0,1.000,1
525,Chon Gallegos\GallCh00,1962,1962,OAK,0,1,0,.000,1
526,Doug Gaynor\GaynDo20,1986,1986,CIN,0,1,0,.000,1
527,Garrett Gilbert\GilbGa01,2018,2018,CAR,1,0,0,1.000,1
528,Joe Gilliam\GillJo00,1975,1975,PIT,1,0,0,1.000,1
529,Scotty Glacken\GlacSc00,1966,1966,DEN,0,1,0,.000,1
530,Jerry Golsteyn\GolsJe00,1978,1978,NYG,1,0,0,1.000,1
531,Pete Gonzalez\GonzPe00,1999,1999,PIT,1,0,0,1.000,1
532,Neil Graff\GrafNe00,1974,1974,NWE,1,0,0,1.000,1
533,Charlie Green\GreeCh00,1966,1966,OAK,1,0,0,1.000,1
534,Chris Greisen\GreiCh00,2000,2000,ARI,0,1,0,.000,1
535,Matt Gutierrez\GutiMa00,2007,2007,NWE,1,0,0,1.000,1
536,Caleb Hanie\HaniCa00,2010,2010,CHI,0,1,0,.000,1
537,Edd Hargett\HargEd00,1971,1971,NOR,1,0,0,1.000,1
538,Drew Henson\HensDr00,2004,2004,DAL,0,1,0,.000,1
539,Rusty Hilger\HilgRu00,1985,1985,RAI,1,0,0,1.000,1
540,Kevin Hogan\HogaKe00,2017,2017,CLE,0,1,0,.000,1
541,Mike Hold\HoldMi20,1987,1987,TAM,1,0,0,1.000,1
542,John Huarte\HuarJo00,1968,1968,PHI,0,1,0,.000,1
543,David Humm\HummDa00,1975,1975,OAK,1,0,0,1.000,1
544,Buddy Humphrey\HumpBu00,1963,1963,STL,1,0,0,1.000,1
545,Dick Jamieson\JamiDi00,1960,1960,NYT,0,1,0,.000,1
546,Mike Kafka\KafkMi00,2011,2011,PHI,0,1,0,.000,1
547,Ken Karcher\KarcKe00,1988,1988,DEN,0,1,0,.000,1
548,Val Keckin\KeckVa00,1962,1962,SDG,0,1,0,.000,1
549,Tom Kennedy\KennTo00,1966,1966,NYG,0,1,0,.000,1
550,Mike Kerrigan\KerrMi00,1984,1984,NWE,1,0,0,1.000,1
551,Eric Kresser\KresEr00,1998,1998,CIN,0,1,0,.000,1
552,Paul Larson\LarsPa00,1957,1957,CRD,1,0,0,1.000,1
553,Larry Lawrence\LawrLa00,1974,1974,OAK,1,0,0,1.000,1
554,Ryan Leaf\LeafRy00,2000,2000,SDG,0,1,0,.000,1
555,Jim LeClair\LeClJi00,1968,1968,DEN,0,1,0,.000,1
556,Cleo Lemon\LemoCl00,2006,2006,MIA,0,1,0,.000,1
557,Jeff Lewis\LewiJe01,1997,1997,DEN,1,0,0,1.000,1
558,Thaddeus Lewis\LewiTh01,2013,2013,BUF,0,1,0,.000,1
559,Ryan Lindley\LindRy00,2015,2015,IND,1,0,0,1.000,1
560,Rusty Lisch\LiscRu00,1983,1983,STL,0,1,0,.000,1
561,Sid Luckman*\LuckSi00,1950,1950,CHI,1,0,0,1.000,1
562,Mike Machurek\MachMi00,1984,1984,DET,1,0,0,1.000,1
563,Bill Mackrides\MackBi20,1950,1950,PHI,1,0,0,1.000,1
564,Sean Mannion\MannSe00,2017,2017,LAR,1,0,0,1.000,1
565,Dan Manucci\ManuDa20,1980,1980,BUF,0,1,0,.000,1
566,Johnny Manziel\ManzJo00,2015,2015,CLE,1,0,0,1.000,1
567,Tee Martin\MartTe00,2003,2003,OAK,0,1,0,.000,1
568,Dean May\MayxDe20,1984,1984,PHI,0,1,0,.000,1
569,Dave Mays\MaysDa00,1977,1977,CLE,1,0,0,1.000,1
570,John McCormick\McCoJo00,1963,1963,DEN,1,0,0,1.000,1
571,Stephen McGee\McGeSt00,2010,2010,DAL,0,1,0,.000,1
572,Matt McGloin\McGlMa01,2013,2013,OAK,1,0,0,1.000,1
573,Monte McGuire\McGuMo20,1987,1987,DEN,1,0,0,1.000,1
574,Dan McGwire\McGwDa00,1993,1993,SEA,1,0,0,1.000,1
575,Mike McMahon\McMaMi00,2005,2005,PHI,1,0,0,1.000,1
576,Kim McQuilken\McQuKi00,1977,1977,ATL,1,0,0,1.000,1
577,Trace McSorley\McSoTr00,2020,2020,BAL,0,1,0,.000,1
578,Zach Mettenberger\MettZa00,2014,2014,TEN,0,1,0,.000,1
579,Mark Miller\MillMa00,1978,1978,CLE,1,0,0,1.000,1
580,Ron Miller\MillRo01,1962,1962,RAM,0,1,0,.000,1
581,Kellen Moore\MoorKe02,2015,2015,DAL,0,1,0,.000,1
582,Steve Myer\MyerSt00,1977,1977,SEA,1,0,0,1.000,1
583,Browning Nagle\NaglBr00,1992,1992,NYJ,0,1,0,.000,1
584,Rick Neuheisel\NeuhRi20,1987,1987,SDG,1,0,0,1.000,1
585,Doug Nussmeier\NussDo00,1997,1997,NOR,1,0,0,1.000,1
586,Dan Orlovsky\OrloDa00,2011,2011,IND,0,1,0,.000,1
587,Tom Owen\OwenTo00,1974,1974,SFO,0,1,0,.000,1
588,Curtis Painter\PainCu00,2011,2011,IND,0,1,0,.000,1
589,Bryce Petty\PettBr01,2016,2016,NYJ,0,1,0,.000,1
590,Todd Philcox\PhilTo00,1992,1992,CLE,1,0,0,1.000,1
591,Cody Pickett\PickCo00,2005,2005,SFO,1,0,0,1.000,1
592,Steve Pisarkiewicz\PisaSt00,1979,1979,STL,0,1,0,.000,1
593,Jonathan Quinn\QuinJo00,1998,1998,JAX,1,0,0,1.000,1
594,Mike Quinn\QuinMi00,1998,1998,DAL,1,0,0,1.000,1
595,Larry Rakestraw\RakeLa00,1968,1968,CHI,1,0,0,1.000,1
596,Ed Rubbert\RubbEd20,1987,1987,WAS,1,0,0,1.000,1
597,Jack Scarbath\ScarJa20,1953,1953,WAS,0,0,1,.500,1
598,Bob Scrabis\ScraBo00,1961,1961,NYT,1,0,0,1.000,1
599,Chris Simms\SimmCh00,2005,2005,TAM,1,0,0,1.000,1
600,Matt Simms\SimmMa00,2013,2013,NYJ,0,1,0,.000,1
601,John Skelton\SkelJo00,2011,2011,ARI,1,0,0,1.000,1
602,Steve Sloan\SloaSt00,1966,1966,ATL,0,1,0,.000,1
603,Akili Smith\SmitAk00,2000,2000,CIN,0,1,0,.000,1
604,Dennis Sproul\SproDe20,1978,1978,GNB,0,1,0,.000,1
605,Kay Stephenson\StepKa00,1967,1967,SDG,1,0,0,1.000,1
606,Mark Stevens\StevMa20,1987,1987,SFO,1,0,0,1.000,1
607,Jarrett Stidham\StidJa00,2020,2020,NWE,1,0,0,1.000,1
608,Rick Strom\StroRi00,1990,1990,PIT,0,1,0,.000,1
609,Nate Sudfeld\SudfNa00,2018,2018,PHI,1,0,0,1.000,1
610,Kevin Sweeney\SweeKe00,1987,1987,DAL,1,0,0,1.000,1
611,Jerry Tagge\TaggJe00,1972,1972,GNB,1,0,0,1.000,1
612,Alex Tanney\TannAl00,2015,2015,TEN,0,1,0,.000,1
613,Troy Taylor\TaylTr00,1990,1990,NYJ,0,1,0,.000,1
614,Kevin Thompson\ThomKe00,2000,2000,CLE,0,1,0,.000,1
615,Tommy Thompson\ThomTo21,1950,1950,PHI,1,0,0,1.000,1
616,Travis Tidwell\TidwTr20,1950,1950,NYG,1,0,0,1.000,1
617,Scott Tinsley\TinsSc20,1987,1987,PHI,0,1,0,.000,1
618,Charley Trippi *\TripCh00,1952,1952,CRD,0,1,0,.000,1
619,Marques Tuiasosopo\TuiaMa00,2001,2001,OAK,1,0,0,1.000,1
620,Tom Tupa\TupaTo20,1991,1991,PHO,1,0,0,1.000,1
621,Jay Walker\WalkJa22,1996,1996,MIN,1,0,0,1.000,1
622,Dewey Warren\WarrDe00,1968,1968,CIN,0,1,0,.000,1
623,Craig Whelihan\WhelCr00,1997,1997,SDG,0,1,0,.000,1
624,George Wilson\WilsGe00,1966,1966,MIA,1,0,0,1.000,1
625,Tom Yewcic\YewcTo00,1962,1962,BOS,1,0,0,1.000,1